{
  "sheetsById": {
    "Demo Sheet": {
      "staticOverrides": {
        "byObject": {
          "Camera": {
            "rotation": {
              "x": -3.114810825518388,
              "y": 0.16385947661283037,
              "z": -3.0113474736992005
            },
            "position": {
              "x": -0.4285637547236685,
              "y": 0.9806719689291854,
              "z": 1.3642128174961279
            }
          },
          "Fish": {
            "position": {
              "x": -0.23868228820771534,
              "y": 0.22597710722212128,
              "z": 7.606624142492706
            },
            "rotation": {
              "x": -3.075884704301113,
              "y": 0.008595620301742997,
              "z": -3.046303234629906
            },
            "scale": {
              "y": 1,
              "x": 1
            }
          },
          "Cube": {
            "position": {
              "x": 7.062586868181033,
              "y": 2.711265720225241,
              "z": 10.455414247407697
            }
          }
        }
      },
      "sequence": {
        "subUnitsPerUnit": 30,
        "length": 10,
        "type": "PositionalSequence",
        "tracksByObject": {
          "Fish": {
            "trackData": {
              "kuwVtXq12d": {
                "type": "BasicKeyframedTrack",
                "__debugName": "Fish:[\"position\",\"x\"]",
                "keyframes": [
                  {
                    "id": "3OcK6SLgFc",
                    "position": 0,
                    "connectedRight": true,
                    "handles": [
                      0.5,
                      1,
                      0.5,
                      0
                    ],
                    "type": "bezier",
                    "value": -0.23868228820771534
                  },
                  {
                    "id": "LWU72-YdQb",
                    "position": 1,
                    "connectedRight": true,
                    "handles": [
                      0.5,
                      1,
                      0.5,
                      0
                    ],
                    "type": "bezier",
                    "value": -0.23868228820771534
                  },
                  {
                    "id": "DPCZ9-Nwaf",
                    "position": 2.967,
                    "connectedRight": true,
                    "handles": [
                      0.5,
                      1,
                      0.5,
                      0
                    ],
                    "type": "bezier",
                    "value": 3.6327890338150493
                  },
                  {
                    "id": "APuIz0TPtN",
                    "position": 4.967,
                    "connectedRight": true,
                    "handles": [
                      0.5,
                      1,
                      0.5,
                      0
                    ],
                    "type": "bezier",
                    "value": 3.6327890338150493
                  }
                ]
              },
              "JGieEEkMbA": {
                "type": "BasicKeyframedTrack",
                "__debugName": "Fish:[\"position\",\"y\"]",
                "keyframes": [
                  {
                    "id": "FxGRqDZG3c",
                    "position": 0,
                    "connectedRight": true,
                    "handles": [
                      0.5,
                      1,
                      0.5,
                      0
                    ],
                    "type": "bezier",
                    "value": 0.22597710722212128
                  },
                  {
                    "id": "tmqxtTzX3o",
                    "position": 1,
                    "connectedRight": true,
                    "handles": [
                      0.5,
                      1,
                      0.5,
                      0
                    ],
                    "type": "bezier",
                    "value": 0.22597710722212128
                  },
                  {
                    "id": "fkOImjdA6L",
                    "position": 2.967,
                    "connectedRight": true,
                    "handles": [
                      0.5,
                      1,
                      0.5,
                      0
                    ],
                    "type": "bezier",
                    "value": 0.22597710722212128
                  },
                  {
                    "id": "hcaBTov6fi",
                    "position": 4.967,
                    "connectedRight": true,
                    "handles": [
                      0.5,
                      1,
                      0.5,
                      0
                    ],
                    "type": "bezier",
                    "value": 0.22597710722212128
                  }
                ]
              },
              "zFJhBLlWEM": {
                "type": "BasicKeyframedTrack",
                "__debugName": "Fish:[\"position\",\"z\"]",
                "keyframes": [
                  {
                    "id": "VGulA6RTR2",
                    "position": 0,
                    "connectedRight": true,
                    "handles": [
                      0.5,
                      1,
                      0.5,
                      0
                    ],
                    "type": "bezier",
                    "value": 21.283124583804664
                  },
                  {
                    "id": "2ZlcmdQcB6",
                    "position": 1,
                    "connectedRight": true,
                    "handles": [
                      0.5,
                      1,
                      0.5,
                      0
                    ],
                    "type": "bezier",
                    "value": 7.181907460708182
                  },
                  {
                    "id": "tGY2ONH0st",
                    "position": 2.967,
                    "connectedRight": true,
                    "handles": [
                      0.5,
                      1,
                      0.5,
                      0
                    ],
                    "type": "bezier",
                    "value": 7.181907460708182
                  },
                  {
                    "id": "c0bTrDvd4L",
                    "position": 4.967,
                    "connectedRight": true,
                    "handles": [
                      0.5,
                      1,
                      0.5,
                      0
                    ],
                    "type": "bezier",
                    "value": 19.82885156548522
                  }
                ]
              },
              "o3XeCqy6Op": {
                "type": "BasicKeyframedTrack",
                "__debugName": "Fish:[\"rotation\",\"x\"]",
                "keyframes": [
                  {
                    "id": "ZD3zmz-NwA",
                    "position": 2,
                    "connectedRight": true,
                    "handles": [
                      0.5,
                      1,
                      0.5,
                      0
                    ],
                    "type": "bezier",
                    "value": -1.4464718903023195
                  },
                  {
                    "id": "lUQkkrFk6b",
                    "position": 3.967,
                    "connectedRight": true,
                    "handles": [
                      0.5,
                      1,
                      0.5,
                      0
                    ],
                    "type": "bezier",
                    "value": -0.07352154547520996
                  },
                  {
                    "id": "Fj8KsdAy_K",
                    "position": 4.967,
                    "connectedRight": true,